Operator;Package Name Purchase ;Package customer type;Package launch date;Package active status;Package Price ;Package Type 1 ;Package Type 2;Package Validity;Scheme of package 1;Scheme of package 2;Scheme of package 3;Scheme of package 4;Scheme of package 5;Scheme of package 6;Value-added Service(VAS)- ;Type of VAS ;Category Business;SOP
Telkomsel;UnlimitedMax1;Prepaid;2020-09-02;Yes;75000;No;Yes;30;Yes;;;;;;Yes;Yes;Unlimited;1
Telkomsel;UnlimitedMax2;Prepaid;2020-09-03;Yes;105000;No;Yes;30;Yes;;;;;;Yes;Yes;Unlimited;1
Telkomsel;UnlimitedMax3;Prepaid;2020-09-04;Yes;125000;No;Yes;30;Yes;;;;;;Yes;Yes;Unlimited;1
Telkomsel;InternetMax1;Prepaid;;Yes;12000;No;Yes;30;Yes;;;;;;No;Yes;Validity + quota;1
Telkomsel;InternetMax2;Prepaid;;Yes;25000;No;Yes;30;Yes;;;;;;Yes;Yes;Validity + quota;1
Telkomsel;InternetMax3;Prepaid;;Yes;35000;No;Yes;30;Yes;;;;;;Yes;Yes;Validity + quota;1
Telkomsel;InternetMax4;Prepaid;;Yes;55000;No;Yes;30;Yes;;;;;;Yes;Yes;Validity + quota;1
Telkomsel;HaloUnlimited 80k;Postpaid;2020-10-28;Yes;80000;No;Yes;180;;;;;;Yes;Yes;Yes;Validity + quota;6
Telkomsel;HaloUnlimited 100k;Postpaid;2020-10-28;Yes;100000;No;Yes;180;;;;;;Yes;Yes;Yes;Validity + quota;6
Telkomsel;HaloUnlimited 150k;Postpaid;2020-10-28;Yes;150000;No;Yes;180;;;;;;Yes;Yes;Yes;Validity + quota;6
Telkomsel;HaloUnlimited 225k;Postpaid;2020-10-28;Yes;225000;No;Yes;180;;;;;;Yes;Yes;Yes;Validity + quota;6
Telkomsel;HaloUnlimited 300k;Postpaid;2020-10-28;Yes;300000;No;Yes;180;;;;;;Yes;Yes;Yes;Validity + quota;6
Telkomsel;HaloUnlimited 550k;Postpaid;2020-10-28;Yes;550000;No;Yes;180;;;;;;Yes;Yes;Yes;Validity + quota;6
Telkomsel;Internet RoaMAX Filipina;Prepaid;;Yes;150000;No;Yes;7;Yes;;;;;;No;;Roaming;1
Telkomsel;Internet RoaMAX Malaysia;Prepaid;;Yes;150000;No;Yes;7;Yes;;;;;;No;;Roaming;1
Telkomsel;Internet RoaMAX Vietnam;Prepaid;;Yes;150000;No;Yes;7;Yes;;;;;;No;;Roaming;1
Telkomsel;Internet RoaMAX Bangaladesh;Prepaid;;Yes;150000;No;Yes;7;Yes;;;;;;No;;Roaming;1
Telkomsel;Internet RoaMAX Myanmar;Prepaid;;Yes;150000;No;Yes;7;Yes;;;;;;No;;Roaming;1
Telkomsel;Internet RoaMAX SriLanka;Prepaid;;Yes;150000;No;Yes;7;Yes;;;;;;No;;Roaming;1
Telkomsel;Internet RoaMAX Thailand;Prepaid;;Yes;150000;No;Yes;7;Yes;;;;;;No;;Roaming;1
Telkomsel;Internet RoaMAX Taiwan;Prepaid;;Yes;150000;No;Yes;7;Yes;;;;;;No;;Roaming;1
Telkomsel;Internet RoaMAX Timor Leste;Prepaid;;Yes;150000;No;Yes;7;Yes;;;;;;No;;Roaming;1
Telkomsel;Internet RoaMAX Cambodia;Prepaid;;Yes;150000;No;Yes;7;Yes;;;;;;No;;Roaming;1
Telkomsel;Internet RoaMAX Kazakhtstan;Prepaid;;Yes;150000;No;Yes;7;Yes;;;;;;No;;Roaming;1
Telkomsel;Internet RoaMAX Singapura;Prepaid;;Yes;150000;No;Yes;7;Yes;;;;;;No;;Roaming;1
Telkomsel;Internet RoaMAX Hongkong;Prepaid;;Yes;150000;No;Yes;7;Yes;;;;;;No;;Roaming;1
Telkomsel;Combo RoaMAX Timor Leste;Prepaid;;Yes;200000;No;Yes;7;;;Yes;;;;No;;Roaming;3
Telkomsel;Combo RoaMAX SriLanka;Prepaid;;Yes;200000;No;Yes;7;;;Yes;;;;No;;Roaming;3
Telkomsel;Combo RoaMAX Vietnam;Prepaid;;Yes;200000;No;Yes;7;;;Yes;;;;No;;Roaming;3
Telkomsel;Combo RoaMAX Malaysia;Prepaid;;Yes;200000;No;Yes;7;;;Yes;;;;No;;Roaming;3
Telkomsel;Combo RoaMAX Taiwan;Prepaid;;Yes;200000;No;Yes;7;;;Yes;;;;No;;Roaming;3
Telkomsel;Combo RoaMAX Filipina;Prepaid;;Yes;200000;No;Yes;7;;;Yes;;;;No;;Roaming;3
Telkomsel;Combo RoaMAX Myanmar;Prepaid;;Yes;200000;No;Yes;7;;;Yes;;;;No;;Roaming;3
Telkomsel;Combo RoaMAX Singapura;Prepaid;;Yes;200000;No;Yes;7;;;Yes;;;;No;;Roaming;3
Telkomsel;Combo RoaMAX Thailand;Prepaid;;Yes;200000;No;Yes;7;;;Yes;;;;No;;Roaming;3
Telkomsel;Combo RoaMAX Hongkong;Prepaid;;Yes;200000;No;Yes;7;;;Yes;;;;No;;Roaming;3
Telkomsel;Combo RoaMAX Bangladesh;Prepaid;;Yes;200000;No;Yes;7;;;Yes;;;;No;;Roaming;3
Telkomsel;Combo RoaMAX Kazakhstan;Prepaid;;Yes;200000;No;Yes;7;;;Yes;;;;No;;Roaming;3
Telkomsel;Combo RoaMAX Cambodia;Prepaid;;Yes;200000;No;Yes;7;;;Yes;;;;No;;Roaming;3
Telkomsel;Internet RoaMAX Uni Emirat Arab;Prepaid;;Yes;300000;No;Yes;7;Yes;;;;;;No;;Roaming;1
Telkomsel;Internet RoaMAX Japan;Prepaid;;Yes;300000;No;Yes;7;Yes;;;;;;No;;Roaming;1
Telkomsel;Internet RoaMAX Brunei;Prepaid;;Yes;300000;No;Yes;7;Yes;;;;;;No;;Roaming;1
Telkomsel;Internet RoaMAX Korea Selatan;Prepaid;;Yes;300000;No;Yes;7;Yes;;;;;;No;;Roaming;1
Telkomsel;Internet RoaMAX Australia;Prepaid;;Yes;300000;No;Yes;7;Yes;;;;;;No;;Roaming;1
Telkomsel;Internet RoaMAX China;Prepaid;;Yes;300000;No;Yes;7;Yes;;;;;;No;;Roaming;1
Telkomsel;Internet RoaMAX India;Prepaid;;Yes;300000;No;Yes;7;Yes;;;;;;No;;Roaming;1
Telkomsel;Internet RoaMAX Nepal;Prepaid;;Yes;300000;No;Yes;7;Yes;;;;;;No;;Roaming;1
Telkomsel;Internet RoaMAX NewZealand;Prepaid;;Yes;300000;No;Yes;7;Yes;;;;;;No;;Roaming;1
Telkomsel;Combo RoaMAX Japan;Prepaid;;Yes;350000;No;Yes;7;;;Yes;;;;No;;Roaming;3
Telkomsel;Combo RoaMAX Nepal;Prepaid;;Yes;350000;No;Yes;7;;;Yes;;;;No;;Roaming;3
Telkomsel;Combo RoaMAX Brunei;Prepaid;;Yes;350000;No;Yes;7;;;Yes;;;;No;;Roaming;3
Telkomsel;Combo RoaMAX China;Prepaid;;Yes;350000;No;Yes;7;;;Yes;;;;No;;Roaming;3
Telkomsel;Combo RoaMAX Australia;Prepaid;;Yes;350000;No;Yes;7;;;Yes;;;;No;;Roaming;3
Telkomsel;Combo RoaMAX UAE;Prepaid;;Yes;350000;No;Yes;7;;;Yes;;;;No;;Roaming;3
Telkomsel;Combo RoaMAX Korea Selatan;Prepaid;;Yes;350000;No;Yes;7;;;Yes;;;;No;;Roaming;3
Telkomsel;Combo RoaMAX India;Prepaid;;Yes;350000;No;Yes;7;;;Yes;;;;No;;Roaming;3
Telkomsel;Combo RoaMAX NewZealand;Prepaid;;Yes;350000;No;Yes;7;;;Yes;;;;No;;Roaming;3
Telkomsel;Talkmania Haji;Prepaid;;Yes;50000;Yes;No;1;;;;;Yes;;No;;Roaming;5
Telkomsel;Talkmania;Prepaid;;Yes;50000;No;Yes;7;;;;;Yes;;No;;Roaming;5
Telkomsel;Internet RoaMAX Booster;Prepaid;;Yes;100000;Yes;No;1;Yes;;;;;;No;;Roaming;1
Telkomsel;Talkmania Umroh;Prepaid;;Yes;250000;No;Yes;12;;;;;Yes;;No;;Roaming;5
Telkomsel;Internet RoaMAX Umroh;Prepaid;;Yes;275000;No;Yes;12;Yes;;;;;;No;;Roaming;1
Telkomsel;Combo RoaMAX Umroh;Prepaid;;Yes;340000;No;Yes;12;;;Yes;;;;No;;Roaming;3
Telkomsel;Talkmania Umroh;Prepaid;;Yes;350000;No;Yes;17;;;;;Yes;;No;;Roaming;5
Telkomsel;Internet RoaMAX Umroh;Prepaid;;Yes;375000;No;Yes;17;Yes;;;;;;No;;Roaming;1
Telkomsel;Internet RoaMAX Haji;Prepaid;;Yes;450000;No;Yes;20;Yes;;;;;;No;;Roaming;1
Telkomsel;Combo RoaMAX Umroh;Prepaid;;Yes;550000;No;Yes;17;;;Yes;;;;No;;Roaming;3
Telkomsel;Combo RoaMAX Haji;Prepaid;;Yes;550000;No;Yes;20;;;Yes;;;;No;;Roaming;3
Telkomsel;Internet RoaMAX Haji;Prepaid;;Yes;650000;No;Yes;30;Yes;;;;;;No;;Roaming;1
Telkomsel;Combo RoaMAX Haji;Prepaid;;Yes;750000;No;Yes;30;;;Yes;;;;No;;Roaming;3
Telkomsel;Internet RoaMAX Haji;Prepaid;;Yes;800000;No;Yes;40;Yes;;;;;;No;;Roaming;1
Telkomsel;Combo RoaMAX Haji;Prepaid;;Yes;940000;No;Yes;40;;;Yes;;;;No;;Roaming;3
Telkomsel;Internet RoaMAX Booster;Prepaid;;Yes;100000;Yes;No;1;Yes;;;;;;No;;Roaming;1
Telkomsel;Internet RoaMAX Asia Australia;Prepaid;;Yes;350000;No;Yes;30;Yes;;;;;;No;;Roaming;1
Telkomsel;Combo RoaMAX Asia Australia;Prepaid;;Yes;425000;No;Yes;30;;;Yes;;;;No;;Roaming;3
Telkomsel;Internet RoaMAX Booster;Prepaid;;Yes;100000;Yes;No;1;Yes;;;;;;No;;Roaming;1
Telkomsel;Internet RoaMAX Continent;Prepaid;;Yes;650000;No;Yes;30;Yes;;;;;;No;;Roaming;1
Telkomsel;Combo RoaMAX Continent;Prepaid;;Yes;700000;No;Yes;30;;;Yes;;;;No;;Roaming;3
Telkomsel;Internet RoaMAX Western;Prepaid;;Yes;450000;No;Yes;30;Yes;;;;;;No;;Roaming;1
Telkomsel;Combo RoaMAX Western;Prepaid;;Yes;500000;No;Yes;30;;;Yes;;;;No;;Roaming;3
Telkomsel;Internet RoaMAX Global;Prepaid;;Yes;1000000;Yes;No;1;Yes;;;;;;No;;Roaming;1
Telkomsel;Internet RoaMAX Global;Prepaid;;Yes;1500000;No;Yes;7;Yes;;;;;;No;;Roaming;1
Telkomsel;Paket Data Orbit 1;Prepaid;2020-07-02;Yes;65000;No;Yes;30;Yes;;;;;;No;;Validity + quota;1
Telkomsel;Paket Data Orbit 2;Prepaid;2020-07-02;Yes;80000;No;Yes;30;Yes;;;;;;No;;Validity + quota;1
Telkomsel;Paket Data Orbit 3;Prepaid;2020-07-02;Yes;130000;No;Yes;30;Yes;;;;;;No;;Validity + quota;1
Telkomsel;BundlingMAX 75k;Prepaid;2018-09-10;Yes;75000;No;Yes;180;Yes;;;;;;Yes;Yes;Validity + quota;1
Telkomsel;BundlingMAX 100k;Prepaid;2018-09-10;Yes;100000;No;Yes;180;Yes;;;;;;Yes;Yes;Validity + quota;1
Telkomsel;BundlingMAX 150k;Prepaid;2018-09-10;Yes;150000;No;Yes;180;Yes;;;;;;Yes;Yes;Validity + quota;1
Telkomsel;BundlingMAX 130k;Prepaid;2018-09-10;Yes;130000;No;Yes;360;Yes;;;;;;Yes;Yes;Validity + quota;1
Telkomsel;BundlingMAX 180k;Prepaid;2018-09-10;Yes;180000;No;Yes;360;Yes;;;;;;Yes;Yes;Validity + quota;1
Telkomsel;BundlingMAX 250k;Prepaid;2018-09-10;Yes;250000;No;Yes;360;Yes;;;;;;Yes;Yes;Validity + quota;1
Telkomsel;BundlingMAX 30k;Prepaid;2018-09-10;Yes;30000;No;Yes;30;Yes;;;;;;Yes;Yes;Validity + quota;1
Telkomsel;BundlingMAX 50k;Prepaid;2018-09-10;Yes;50000;No;Yes;30;Yes;;;;;;Yes;Yes;Validity + quota;1
Telkomsel;BundlingMAX 75k;Prepaid;2018-09-10;Yes;75000;No;Yes;30;Yes;;;;;;Yes;Yes;Validity + quota;1
Telkomsel;BundlingMAX 100k;Prepaid;2018-09-10;Yes;100000;No;Yes;30;Yes;;;;;;Yes;Yes;Validity + quota;1
Telkomsel;BundlingMAX 150k;Prepaid;2018-09-10;Yes;150000;No;Yes;30;Yes;;;;;;Yes;Yes;Validity + quota;1
Telkomsel;BundlingMAX 200k;Prepaid;2018-09-10;Yes;200000;No;Yes;30;Yes;;;;;;Yes;Yes;Validity + quota;1
Telkomsel;Halo Unlimited 80 Device Plan;Prepaid;2020-10-28;Yes;880000;No;Yes;360;;;Yes;;;;Yes;Yes;Unlimited;3
Telkomsel;Halo Unlimited 100 Device Plan;Prepaid;2020-10-28;Yes;1100000;No;Yes;360;;;Yes;;;;Yes;Yes;Unlimited;3
Telkomsel;Halo Unlimited 150 Device Plan;Prepaid;2020-10-28;Yes;1650000;No;Yes;360;;;Yes;;;;Yes;Yes;Unlimited;3
Telkomsel;Halo Unlimited 225 Device Plan;Prepaid;2020-10-28;Yes;2475000;No;Yes;360;;;Yes;;;;Yes;Yes;Unlimited;3
Telkomsel;Halo Unlimited 300 Device Plan;Prepaid;2020-10-28;Yes;2475000;No;Yes;360;;;Yes;;;;Yes;Yes;Unlimited;3
Telkomsel;Halo Unlimited 550 Device Plan;Prepaid;2020-10-28;Yes;2475000;No;Yes;360;;;Yes;;;;Yes;Yes;Unlimited;3
Telkomsel;Halo Unlimited 80 Device Plan 2;Prepaid;2020-10-28;Yes;1672000;No;Yes;720;;;Yes;;;;Yes;Yes;Unlimited;3
Telkomsel;Halo Unlimited 100 Device Plan 2;Prepaid;2020-10-28;Yes;2090000;No;Yes;720;;;Yes;;;;Yes;Yes;Unlimited;3
Telkomsel;Halo Unlimited 150 Device Plan 2;Prepaid;2020-10-28;Yes;3135000;No;Yes;720;;;Yes;;;;Yes;Yes;Unlimited;3
Telkomsel;Halo Unlimited 225 Device Plan 2;Prepaid;2020-10-28;Yes;4702000;No;Yes;720;;;Yes;;;;Yes;Yes;Unlimited;3
Telkomsel;Halo Unlimited 300 Device Plan 2;Prepaid;2020-10-28;Yes;6270000;No;Yes;720;;;Yes;;;;Yes;Yes;Unlimited;3
Telkomsel;Halo Unlimited 550 Device Plan 2;Prepaid;2020-10-28;Yes;11495000;No;Yes;720;;;Yes;;;;Yes;Yes;Unlimited;3
Telkomsel;Yang Bikin Kumat;Prepaid;2019-09-17;Yes;20000;No;Yes;10;Yes;;;;;;No;;Validity + quota;1
Telkomsel;Yang Dicap Tiga Jempol;Prepaid;2019-09-17;Yes;150000;No;Yes;30;Yes;;;;;;No;;Validity + quota;1
Telkomsel;Yang Dicap Dua Jempol;Prepaid;2019-09-17;Yes;120000;No;Yes;30;Yes;;;;;;No;;Validity + quota;1
Telkomsel;Yang Bikin Cuan Tiap Hari;Prepaid;2019-09-17;Yes;15000;No;Yes;14;Yes;;;;;;No;;Validity + quota;1
Telkomsel;Yang Bikin Makin Aman Jaya;Prepaid;2019-09-17;Yes;150000;No;Yes;30;Yes;;;;;;No;;Validity + quota;1
Telkomsel;Yang Bikin Nagih;Prepaid;2019-09-17;Yes;50000;No;Yes;30;Yes;;;;;;No;;Validity + quota;1
Telkomsel;Yang Bikin Makin Aman Jaya 2;Prepaid;2019-09-17;Yes;40000;No;Yes;7;Yes;;;;;;No;;Validity + quota;1
Telkomsel;Yang Bikin Deket;Prepaid;2019-09-17;Yes;10000;Yes;No;1;Yes;;;;;;No;;Validity + quota;1
Telkomsel;Yang Bikin Aman Jaya;Prepaid;2019-09-17;Yes;10000;Yes;No;1;Yes;;;;;;No;;Validity + quota;1
Telkomsel; OMG!Chat 5GB;Prepaid;;Yes;45000;No;Yes;30;Yes;;;;;;No;Social Media, Stream, Games;VAS;1
Telkomsel;OMG!Sosmed 9GB;Prepaid;;Yes;67000;No;Yes;30;Yes;;;;;;No;Social Media, Stream, Games;VAS;1
Telkomsel;OMG!Sosmed 15GB;Prepaid;;Yes;94000;No;Yes;30;Yes;;;;;;No;Social Media, Stream, Games;VAS;1
Telkomsel;OMG!Nonton 20GB;Prepaid;;Yes;106000;No;Yes;30;Yes;;;;;;No;Social Media, Stream, Games;VAS;1
Telkomsel;OMG!Nonton 35GB;Prepaid;;Yes;166000;No;Yes;30;Yes;;;;;;No;Social Media, Stream, Games;VAS;1
Telkomsel;OMG!Nonton 65GB;Prepaid;;Yes;216000;No;Yes;30;Yes;;;;;;No;Social Media, Stream, Games;VAS;1
Telkomsel;Combo Sakti Unlimited 23GB;Prepaid;;Yes;57000;No;Yes;30;;;;;;Yes;Yes;Yes;Validity + quota;6
Telkomsel;Combo Sakti Unlimited 32GB;Prepaid;;Yes;74000;No;Yes;30;;;;;;Yes;Yes;Yes;Validity + quota;6
Telkomsel;Combo Sakti Unlimited 45GB;Prepaid;;Yes;100000;No;Yes;30;;;;;;Yes;Yes;Yes;Validity + quota;6
Telkomsel;Voucher Internet 1.5GB;Prepaid;;Yes;5000;No;Yes;3;Yes;;;;;;No;;Validity + quota;1
Telkomsel;Voucher Internet 2.5GB;Prepaid;;Yes;8000;No;Yes;5;Yes;;;;;;No;;Validity + quota;1
Telkomsel;Voucher Internet 3.5GB;Prepaid;;Yes;15000;No;Yes;7;Yes;;;;;;No;;Validity + quota;1
Telkomsel;Voucher Internet 4GB;Prepaid;;Yes;28000;No;Yes;30;Yes;;;;;;No;;Validity + quota;1
Telkomsel;Voucher Internet 10GB;Prepaid;;Yes;55000;No;Yes;30;Yes;;;;;;No;;Validity + quota;1
Telkomsel;Voucher Internet 10GB 2;Prepaid;;Yes;68000;No;Yes;30;Yes;;;;;;No;;Validity + quota;1
Telkomsel;MAXstream 6GB;Prepaid;2019-06-26;Yes;15000;No;Yes;17;Yes;;;;;;Yes;Yes;VAS;1
Telkomsel;GIGAMAX FIT;Prepaid;2019-06-27;Yes;25000;No;Yes;30;Yes;;;;;;Yes;Yes;VAS;1
Telkomsel;GALA;Prepaid;2019-06-28;Yes;69000;No;Yes;30;Yes;;;;;;Yes;Yes;VAS;1
Telkomsel;Kring-kring 1 hari;Prepaid;;Yes;6250;Yes;No;1;;;;;Yes;;No;;Voice;5
Telkomsel;Kring-kring 1 hari 2;Prepaid;;Yes;6250;Yes;No;1;;;;;Yes;;No;;Voice;5
Telkomsel;Kring-kring 3 hari;Prepaid;;Yes;15000;No;Yes;3;;;;;Yes;;No;;Voice;5
Telkomsel;Kring-kring 7 hari;Prepaid;;Yes;21000;No;Yes;7;;;;;Yes;;No;;Voice;5
Telkomsel;Kring-kring 7 hari 2;Prepaid;;Yes;21000;No;Yes;7;;;;;Yes;;No;;Voice;5
Telkomsel;Kring-kring 30 hari;Prepaid;;Yes;50000;No;Yes;30;;;;;Yes;;No;;Voice;5
Telkomsel;Kring-kring 30 hari 2;Prepaid;;Yes;60000;No;Yes;30;;;;;Yes;;No;;Voice;5
Tri;Tri AlwaysOn 3 GB;Prepaid;;Yes;15000;No;Yes;180;Yes;;;;;;Yes;Yes;Validity + quota;1
Tri;Tri AlwaysOn 4 GB;Prepaid;;Yes;19000;No;Yes;180;Yes;;;;;;Yes;Yes;Validity + quota;1
Tri;Tri AlwaysOn 6 GB;Prepaid;;Yes;28000;No;Yes;180;Yes;;;;;;Yes;Yes;Validity + quota;1
Tri;Tri AlwaysOn 12 GB;Prepaid;;Yes;39000;No;Yes;180;Yes;;;;;;Yes;Yes;Validity + quota;1
Tri;Tri AlwaysOn 16 GB;Prepaid;;Yes;48000;No;Yes;180;Yes;;;;;;Yes;Yes;Validity + quota;1
Tri;Tri AlwaysOn 32 GB;Prepaid;;Yes;90000;No;Yes;180;Yes;;;;;;Yes;Yes;Validity + quota;1
Tri;Tri AlwaysOn Unlimited 26 GB;Prepaid;;Yes;65000;No;Yes;30;Yes;;;;;;Yes;Yes;Unlimited;1
Tri;Tri AlwaysOn Unlimited 30 GB;Prepaid;;Yes;85000;No;Yes;30;Yes;;;;;;Yes;Yes;Unlimited;1
Tri;Tri AlwaysOn Unlimited 36 GB;Prepaid;;Yes;110000;No;Yes;30;Yes;;;;;;Yes;Yes;Unlimited;1
Tri;Tri AlwaysOn Super 50 GB;Prepaid;2021-06-18;Yes;199000;No;Yes;180;Yes;;;;;;No;;Validity + quota;1
Tri;Tri AlwaysOn Super 80 GB;Prepaid;2021-06-18;Yes;299000;No;Yes;180;Yes;;;;;;No;;Validity + quota;1
Tri;Tri AlwaysOn Super 150 GB;Prepaid;2021-06-18;Yes;499000;No;Yes;180;Yes;;;;;;No;;Validity + quota;1
Tri;Tri AlwaysOn Super 300 GB;Prepaid;2021-06-18;Yes;899000;No;Yes;180;Yes;;;;;;No;;Validity + quota;1
Tri;Tri Postpaid Elite Lite Unlimited 3 GB;Postpaid;;Yes;65000;No;Yes;30;Yes;;;;;;No;;Validity + quota;1
Tri;Tri Postpaid Elite Reguler Unlimited 10 GB;Postpaid;;Yes;125000;No;Yes;30;Yes;;;;;;No;;Validity + quota;1
Tri;Tri Postpaid Elite Maxi Unlimited 25 GB;Postpaid;;Yes;250000;No;Yes;30;Yes;;;;;;No;;Validity + quota;1
Tri;Tri Elite Gold 50 GB;Prepaid;;Yes;125000;No;Yes;30;;;Yes;;;;No;;Validity + quota;3
Tri;Tri Elite Platinum 100 GB;Prepaid;;Yes;250000;No;Yes;30;Yes;;;;;;No;;Validity + quota;1
Tri;Tri Hotsale 9 GB;Prepaid;;Yes;30000;No;Yes;10;Yes;;;;;;No;;Validity + quota;1
Tri;Tri Hotsale 16 GB;Prepaid;;Yes;50000;No;Yes;30;;;Yes;;;;Yes;Yes;Validity + quota;3
Tri;Tri Hotsale 25 GB;Prepaid;;Yes;75000;No;Yes;30;Yes;;;;;;Yes;Yes;Validity + quota;1
Tri;Tri Hotsale 33 GB;Prepaid;;Yes;100000;No;Yes;30;Yes;;;;;;No;;Validity + quota;1
Tri;Tri Hotsale 38 GB;Prepaid;;Yes;85000;Yes;No;30;Yes;;;;;;No;;Validity + quota;1
Tri;Tri Hotsale 52 GB;Prepaid;;Yes;70000;No;Yes;30;Yes;;;;;;Yes;Yes;Validity + quota;1
Tri;Tri Hotsale 85 GB;Prepaid;;Yes;199000;No;Yes;30;Yes;;;;;;No;;Validity + quota;1
Tri;Tri Hotsale 117 GB;Prepaid;;Yes;117000;No;Yes;30;Yes;;;;;;No;;Validity + quota;1
Tri;Tri Hotsale 150 GB;Prepaid;;Yes;150000;No;Yes;30;Yes;;;;;;No;;Validity + quota;1
Tri;Tri Home 117 GB;Prepaid;;Yes;117000;No;Yes;30;Yes;;;;;;No;;Validity + quota;1
Tri;Tri Home 150 GB;Prepaid;;Yes;150000;No;Yes;30;Yes;;;;;;No;;Validity + quota;1
Tri;Tri Happy 2 GB;Prepaid;2021-07-29;Yes;12000;No;Yes;5;Yes;;;;;;No;;Validity + quota;1
Tri;Tri Happy 3 GB;Prepaid;2021-07-30;Yes;12000;No;Yes;7;Yes;;;;;;Yes;Yes;Validity + quota;1
Tri;Tri Happy 3.5 GB;Prepaid;2021-07-31;Yes;14000;No;Yes;5;Yes;;;;;;No;;Validity + quota;1
Tri;Tri Happy 5 GB;Prepaid;2021-08-01;Yes;25000;No;Yes;7;Yes;;;;;;No;;Validity + quota;1
Tri;Tri Happy 6 GB;Prepaid;2021-08-02;Yes;19000;No;Yes;5;Yes;;;;;;No;;Validity + quota;1
Tri;Tri Happy 9 GB;Prepaid;2021-08-03;Yes;30000;No;Yes;10;Yes;;;;;;No;;Validity + quota;1
Tri;Tri Happy 12 GB;Prepaid;2021-08-04;Yes;50000;No;Yes;30;Yes;;;;;;No;;Validity + quota;1
Tri;Tri Happy 25 GB;Prepaid;2021-08-05;Yes;95000;No;Yes;30;Yes;;;;;;No;;Validity + quota;1
Tri;Tri Kuota AddOn 1 GB;Prepaid;;Yes;3000;No;Yes;1;Yes;;;;;;No;;Validity + quota;1
Tri;Tri Kuota AddOn 5 GB;Prepaid;;Yes;5000;No;Yes;1;Yes;;;;;;No;;Validity + quota;1
Tri;Tri Kuota AddOn 6 GB;Prepaid;;Yes;10000;No;Yes;3;Yes;;;;;;No;;Validity + quota;1
Tri;Tri Kuota AddOn 32 GB;Prepaid;;Yes;75000;No;Yes;30;Yes;;;;;;No;;Validity + quota;1
Tri;Tri Kuota AddOn 38 GB;Prepaid;;Yes;85000;No;Yes;30;Yes;;;;;;No;;Validity + quota;1
Tri;Tri Kuota AddOn 5 GB + Voice;Prepaid;;Yes;6000;No;Yes;1;;;Yes;;;;No;;Validity + quota;3
Tri;Tri Kuota AddOn 6 GB + Voice;Prepaid;;Yes;11000;No;Yes;3;;;Yes;;;;No;;Validity + quota;3
Tri;Tri Paket Chatting;Prepaid;;Yes;5000;No;Yes;30;Yes;;;;;;Yes;Yes;Sms;1
Tri;Tri Paket Bebas Bicara 60 Menit;Prepaid;;Yes;15000;No;Yes;30;;;;;Yes;;No;;Voice;5
Tri;Tri Paket Bebas Bicara 150 Menit;Prepaid;;Yes;30000;No;Yes;30;;;;;Yes;;No;;Voice;5
Tri;Tri Paket Bebas Bicara 250 Menit;Prepaid;;Yes;50000;No;Yes;30;;;;;Yes;;No;;Voice;5
Tri;Tri Nelpon++ 65 Menit;Prepaid;;Yes;40000;No;Yes;30;;;;;Yes;;No;;Voice;5
Tri;Tri Nelpon++ Sesama Tri 120 Menit;Prepaid;;Yes;10000;No;Yes;30;;;;;Yes;;No;;Voice;5
Tri;Tri Nelpon++ Sesama Tri 50 Menit;Prepaid;;Yes;5000;No;Yes;30;;;;;Yes;;No;;Voice;5
Tri;Tri Nelpon++ Sesama Tri 20 Menit;Prepaid;;Yes;14000;No;Yes;30;;;;;Yes;;No;;Voice;5
Tri;Tri Paket Tri Mania Sesama Tri 50 Menit;Prepaid;;Yes;2000;No;Yes;1;;;;;Yes;;No;;Voice;5
Tri;Tri Paket Tri Mania Sesama Tri 150 Menit;Prepaid;;Yes;5000;No;Yes;3;;;;;Yes;;No;;Voice;5
Tri;Tri Paket Tri Mania Sesama Tri 375 Menit;Prepaid;;Yes;12000;No;Yes;7;;;;;Yes;;No;;Voice;5
Tri;Tri Paket Tri Mania Sesama Tri 800 Menit;Prepaid;;Yes;25000;No;Yes;30;;;;;Yes;;No;;Voice;5
Tri;Tri Paket SMS 250;Prepaid;;Yes;5000;No;Yes;7;;;;Yes;;;No;;Sms;4
Tri;Tri Paket SMS++ 250;Prepaid;;Yes;10000;No;Yes;30;;;;Yes;;;No;;Sms;4
Tri;Tri Paket SMS 600;Prepaid;;Yes;10000;No;Yes;14;;;;Yes;;;No;;Sms;4
Tri;Tri Paket SMS++ 1000;Prepaid;;Yes;30000;No;Yes;30;;;;Yes;;;No;;Sms;4
Tri;Tri Roaming Trip Asia Australia;Prepaid;;Yes;45000;No;Yes;1;Yes;;;;;;No;;Roaming;1
Tri;Tri Roaming Trip Asia Australia 3 GB;Prepaid;;Yes;120000;No;Yes;3;Yes;;;;;;No;;Roaming;1
Tri;Tri Roaming Trip Asia Australia 7 GB;Prepaid;;Yes;220000;No;Yes;7;Yes;;;;;;No;;Roaming;1
Tri;Tri Roaming Trip Amerika Eropa 1 GB;Prepaid;;Yes;75000;No;Yes;1;Yes;;;;;;No;;Roaming;1
Tri;Tri Roaming Trip Amerika Eropa 5 GB;Prepaid;;Yes;250000;No;Yes;7;Yes;;;;;;No;;Roaming;1
Tri;Tri Roaming Trip Amerika Eropa 10 GB;Prepaid;;Yes;450000;No;Yes;14;Yes;;;;;;No;;Roaming;1
Tri;Tri Ibadah 15 Hari 3 GB;Prepaid;;Yes;189000;No;Yes;15;Yes;;;;;;No;;Roaming;1
Tri;Tri Ibadah 15 Hari 2 GB;Prepaid;;Yes;189000;No;Yes;15;Yes;;;;;;No;;Roaming;1
Tri;Tri Ibadah 45 Hari 3 GB;Prepaid;;Yes;325000;No;Yes;45;Yes;;;;;;No;;Roaming;1
Tri;Tri Ibadah 45 Hari Unlimited;Prepaid;;Yes;360000;No;Yes;45;Yes;;;;;;No;;Roaming;1
Tri;Tri Ibadah 15 Hari Telpon & SMS;Prepaid;;Yes;125000;No;Yes;15;;Yes;;;;;No;;Roaming;2
Tri;Tri Ibadah 45 Hari Telpon & SMS;Prepaid;;Yes;250000;No;Yes;45;;Yes;;;;;No;;Roaming;2
Tri;Tri 50+ Negara 3 Hari;Prepaid;;Yes;375000;No;Yes;3;Yes;;;;;;No;;Roaming;1
Tri;Tri 50+ Negara 7 Hari;Prepaid;;Yes;875000;No;Yes;7;Yes;;;;;;No;;Roaming;1
Tri;Tri Roaming Whatsapp 1 Hari;Prepaid;;Yes;30000;No;Yes;1;Yes;;;;;;Yes;VAS;Roaming;1
Tri;Tri Roaming Whatsapp 3 Hari;Prepaid;;Yes;90000;No;Yes;3;Yes;;;;;;Yes;VAS;Roaming;1
Tri;Tri Keep On 5 GB;Prepaid;;Yes;29000;No;Yes;7;;;Yes;;;;Yes;Yes;Validity + quota;3
Tri;Tri Keep On 8 GB;Prepaid;;Yes;59000;No;Yes;30;;;Yes;;;;Yes;Yes;Validity + quota;3
Tri;Tri Keep On 18 GB;Prepaid;;Yes;99000;No;Yes;30;;;Yes;;;;Yes;Yes;Validity + quota;3
Tri;Tri H3RO Unlimited 1 GB MLBB;Prepaid;;Yes;15000;No;Yes;1;Yes;;;;;;Yes;VAS;VAS;1
Tri;Tri H3RO Unlimited 1 GB FF;Prepaid;;Yes;15000;No;Yes;1;Yes;;;;;;Yes;VAS;VAS;1
Tri;Tri H3RO Unlimited 2 GB MLBB;Prepaid;;Yes;35000;No;Yes;30;Yes;;;;;;Yes;VAS;VAS;1
Tri;Tri H3RO Unlimited 2 GB FF;Prepaid;;Yes;35000;No;Yes;30;Yes;;;;;;Yes;VAS;VAS;1
Tri;Tri H3RO Unlimited 3 GB MLBB;Prepaid;;Yes;50000;No;Yes;30;Yes;;;;;;Yes;VAS;VAS;1
Tri;Tri H3RO Unlimited 3 GB FF;Prepaid;;Yes;50000;No;Yes;30;Yes;;;;;;Yes;VAS;VAS;1
Tri;Tri Postpaid Bicara 1 GB;Postpaid;;Yes;60000;No;Yes;30;;Yes;;;;;Yes;VAS;VAS;2
Tri;Tri Postpaid Nonton 2 GB;Postpaid;;Yes;85000;No;Yes;30;Yes;;;;;;Yes;VAS;VAS;1
Tri;Tri Postpaid Musik 2 GB;Postpaid;;Yes;85000;No;Yes;30;Yes;;;;;;Yes;VAS;VAS;1
Tri;Tri Postpaid Nonton 5 GB;Postpaid;;Yes;125000;No;Yes;30;Yes;;;;;;Yes;VAS;VAS;1
Tri;Tri Postpaid Unlimited 10 GB;Postpaid;;Yes;250000;No;Yes;30;Yes;;;;;;No;;Unlimited;1
Tri;Tri Postpaid Unlimited 50 GB;Postpaid;;Yes;400000;No;Yes;30;Yes;;;;;;No;;Unlimited;1
Indosat Ooredo;Freedom Internet 1GB;Prepaid;2019-10-01;Yes;6900;No;Yes;1;Yes;;;;;;Yes;Yes;Validity + quota;1
Indosat Ooredo;Freedom Internet 5GB;Prepaid;2019-10-01;Yes;13900;No;Yes;3;Yes;;;;;;Yes;Yes;Validity + quota;1
Indosat Ooredo;Freedom Internet 2.5GB;Prepaid;2019-10-01;Yes;9900;No;Yes;5;Yes;;;;;;Yes;Yes;Validity + quota;1
Indosat Ooredo;Freedom Internet 7GB;Prepaid;2019-10-01;Yes;19900;No;Yes;5;Yes;;;;;;Yes;Yes;Validity + quota;1
Indosat Ooredo;Freedom Internet 2GB + Bonus 2GB;Prepaid;2019-10-01;Yes;15000;No;Yes;30;Yes;;;;;;Yes;Yes;Validity + quota;1
Indosat Ooredo;Freedom Internet 4GB + Bonus 4GB;Prepaid;2019-10-01;Yes;25000;No;Yes;30;Yes;;;;;;Yes;Yes;Validity + quota;1
Indosat Ooredo;Freedom Internet 10GB + Bonus 10GB;Prepaid;2019-10-01;Yes;50000;No;Yes;30;Yes;;;;;;Yes;Yes;Validity + quota;1
Indosat Ooredo;Freedom Internet 21GB + Bonus 21GB;Prepaid;2019-10-01;Yes;75000;No;Yes;30;Yes;;;;;;Yes;Yes;Validity + quota;1
Indosat Ooredo;Freedom Internet 32GB + Bonus 32GB;Prepaid;2019-10-01;Yes;100000;No;Yes;30;Yes;;;;;;Yes;Yes;Validity + quota;1
Indosat Ooredo;Freedom Internet 8GB (4GB main quotas/month);Prepaid;2019-10-01;Yes;47500;No;Yes;60;Yes;;;;;;Yes;Yes;Validity + quota;1
Indosat Ooredo;Freedom Internet 20GB (10GB main quotas/month);Prepaid;2019-10-01;Yes;90000;No;Yes;60;Yes;;;;;;Yes;Yes;Validity + quota;1
Indosat Ooredo;Freedom Internet 36GB (18GB main quotas/month);Prepaid;2019-10-01;Yes;130000;No;Yes;60;Yes;;;;;;Yes;Yes;Validity + quota;1
Indosat Ooredo;Freedom Internet 12GB (4GB main quotas/month);Prepaid;2019-10-01;Yes;67500;No;Yes;90;Yes;;;;;;Yes;Yes;Validity + quota;1
Indosat Ooredo;Freedom Internet 30GB (10GB main quotas/month);Prepaid;2019-10-01;Yes;125000;No;Yes;90;Yes;;;;;;Yes;Yes;Validity + quota;1
Indosat Ooredo;Freedom Internet 54GB (18GB main quotas/month);Prepaid;2019-10-01;Yes;180000;No;Yes;90;Yes;;;;;;Yes;Yes;Validity + quota;1
Indosat Ooredo;Freedom Apps Fun 2GB;Prepaid;2021-05-01;Yes;11800;No;Yes;7;Yes;;;;;;No;;VAS;1
Indosat Ooredo;Freedom Apps Fun 6GB;Prepaid;2021-05-01;Yes;24800;No;Yes;15;Yes;;;;;;No;;VAS;1
Indosat Ooredo;Freedom Apps Fun 10GB;Prepaid;2021-05-01;Yes;39800;No;Yes;30;Yes;;;;;;No;;VAS;1
Indosat Ooredo;Freedom Apps Edu 2GB;Prepaid;2021-05-01;Yes;3800;No;Yes;2;Yes;;;;;;No;;VAS;1
Indosat Ooredo;Freedom Apps Edu 6GB;Prepaid;2021-05-01;Yes;9800;No;Yes;6;Yes;;;;;;No;;VAS;1
Indosat Ooredo;Freedom Apps Edu 10GB;Prepaid;2021-05-01;Yes;14800;No;Yes;15;Yes;;;;;;No;;VAS;1
Indosat Ooredo;Freedom Apps Edu 30GB;Prepaid;2021-05-01;Yes;24800;No;Yes;30;Yes;;;;;;No;;VAS;1
Indosat Ooredo;Yellow 700MB;Prepaid;2017-12-01;Yes;2500;No;Yes;1;Yes;;;;;;Yes;Yes;Validity + quota;1
Indosat Ooredo;Yellow 1GB 1Day;Prepaid;2017-12-01;Yes;3500;No;Yes;1;Yes;;;;;;Yes;Yes;Validity + quota;1
Indosat Ooredo;Yellow 1GB 3Days;Prepaid;2017-12-01;Yes;5000;No;Yes;3;Yes;;;;;;Yes;Yes;Validity + quota;1
Indosat Ooredo;Yellow 2GB;Prepaid;2017-12-01;Yes;5500;No;Yes;3;Yes;;;;;;Yes;Yes;Validity + quota;1
Indosat Ooredo;Yellow 1GB 7Days;Prepaid;2017-12-01;Yes;10000;No;Yes;7;Yes;;;;;;Yes;Yes;Validity + quota;1
Indosat Ooredo;Yellow 5GB;Prepaid;2017-12-01;Yes;12000;No;Yes;30;Yes;;;;;;Yes;Yes;Validity + quota;1
Indosat Ooredo;Freedom U 500MB + 1GB Application;Prepaid;2019-10-01;Yes;5000;No;Yes;2;Yes;;;;;;Yes;Yes;Validity + quota;1
Indosat Ooredo;Freedom U 1GB + 2GB Application;Prepaid;2019-10-01;Yes;15000;No;Yes;7;Yes;;;;;;Yes;Yes;Validity + quota;1
Indosat Ooredo;Freedom U 1GB + 4.5GB Application;Prepaid;2019-10-01;Yes;25000;No;Yes;30;Yes;;;;;;Yes;Yes;Validity + quota;1
Indosat Ooredo;Freedom U 2GB + 7.5GB Application;Prepaid;2019-10-01;Yes;40000;No;Yes;30;Yes;;;;;;Yes;Yes;Validity + quota;1
Indosat Ooredo;Freedom U 3GB + 15GB Application;Prepaid;2019-10-01;Yes;60000;No;Yes;30;Yes;;;;;;Yes;Yes;Validity + quota;1
Indosat Ooredo;Freedom U 7GB + 20GB Application;Prepaid;2019-10-01;Yes;80000;No;Yes;30;Yes;;;;;;Yes;Yes;Validity + quota;1
Indosat Ooredo;Freedom U 10GB + 25GB Application;Prepaid;2019-10-01;Yes;100000;No;Yes;30;Yes;;;;;;Yes;Yes;Validity + quota;1
Indosat Ooredo;Freedom U 60GB + 100 SMS/100 Minutes Voice Call;Prepaid;2019-10-01;Yes;150000;No;Yes;30;;;;;;Yes;Yes;Yes;Validity + quota;6
Indosat Ooredo;Freedom Combo 4 GB: Main Quotas 2 GB, Local Quotas 1GB, Night Quotas 1GB, Bonus 300MB for 3 Days, Voice Call 5 Minutes;Prepaid;2016-01-01;Yes;25000;Yes;No;30;;Yes;;;;;Yes;Yes;Validity + quota;2
Indosat Ooredo;Freedom Combo 8GB: Main Quotas 1GB, Local Quotas 2GB, Night Quotas 2GB, Bonus 500MB for 3 Days, Voice Call 20 Minutes;Prepaid;2016-01-01;Yes;35000;Yes;No;30;;Yes;;;;;Yes;Yes;Validity + quota;2
Indosat Ooredo;Freedom Combo 14GB: Main Quotas 7.5GB, Local Quotas 3.5GB, Night Quotas 3GB, Bonus 1GB for 7 Days, Voice Call 30 Minutes;Prepaid;2016-01-01;Yes;50000;Yes;No;30;;Yes;;;;;Yes;Yes;Validity + quota;2
Indosat Ooredo;Freedom Combo 20GB: Main Quotas 11GB, Local Quotas 5GB, Night Quotas 6GB, Bonus 5GB for 10 Days, Voice Call 60 Minutes;Prepaid;2016-01-01;Yes;70000;Yes;No;30;;Yes;;;;;Yes;Yes;Validity + quota;2
Indosat Ooredo;Freedom Combo 30GB: Main Quotas 16GB, Local Quotas 8GB, Night Quotas 6GB, Bonus 5GB for 10 Days, Voice Call 60 Minutes;Prepaid;2016-01-01;Yes;100000;Yes;No;30;;Yes;;;;;Yes;Yes;Validity + quota;2
Indosat Ooredo;Freedom Combo 50GB: Main Quotas 25GB, Local Quotas 15GB, Night Quotas 10GB, Bonus 7GB for 15 Days, Voice Call 60 Minutes;Prepaid;2016-01-01;Yes;150000;Yes;No;30;;Yes;;;;;Yes;Yes;Validity + quota;2
Indosat Ooredo;Freedom Combo 50GB: Main Quotas 25GB, Local Quotas 15GB, Night Quotas 10GB, Voice Call 60 Minutes;Prepaid;2016-01-01;Yes;200000;Yes;No;30;;Yes;;;;;Yes;Yes;Validity + quota;2
Indosat Ooredo;Freedom Kuota Harian 1GB;Prepaid;2019-10-01;Yes;2000;Yes;No;1;Yes;;;;;;No;;Validity + quota;1
Indosat Ooredo;Freedom Kuota Harian 7GB;Prepaid;2019-10-01;Yes;19900;Yes;No;7;Yes;;;;;;No;;Validity + quota;1
Indosat Ooredo;Freedom Kuota Harian 14GB;Prepaid;2019-10-01;Yes;39900;Yes;No;14;Yes;;;;;;No;;Validity + quota;1
Indosat Ooredo;Freedom Kuota Harian 28GB;Prepaid;2019-10-01;Yes;74900;Yes;No;28;Yes;;;;;;No;;Validity + quota;1
Indosat Ooredo;Prime 100 Prepaid;Prepaid;2021-07-11;Yes;100000;No;Yes;30;;;;;;Yes;Yes;Yes;Validity + quota;6
Indosat Ooredo;Prime 200 Prepaid;Prepaid;2021-07-11;Yes;200000;No;Yes;30;;;;;;Yes;Yes;Yes;Validity + quota;6
Indosat Ooredo;Prime 300 Prepaid;Prepaid;2021-07-11;Yes;300000;No;Yes;30;;;;;;Yes;Yes;Yes;Validity + quota;6
Indosat Ooredo;Prime 450 Prepaid;Prepaid;2021-07-11;Yes;450000;No;Yes;30;;;;;;Yes;Yes;Yes;Validity + quota;6
Indosat Ooredo;Prime 70 Postpaid;Postpaid;2021-07-11;Yes;70000;No;Yes;30;;;;;;Yes;Yes;Yes;Validity + quota;6
Indosat Ooredo;Prime 100 Postpaid;Postpaid;2021-07-11;Yes;100000;No;Yes;30;;;;;;Yes;Yes;Yes;Validity + quota;6
Indosat Ooredo;Prime 200 Postpaid;Postpaid;2021-07-11;Yes;200000;No;Yes;30;;;;;;Yes;Yes;Yes;Validity + quota;6
Indosat Ooredo;Prime 300 Postpaid;Postpaid;2021-07-11;Yes;300000;No;Yes;30;;;;;;Yes;Yes;Yes;Validity + quota;6
Indosat Ooredo;Prime 450 Postpaid;Postpaid;2021-07-11;Yes;450000;No;Yes;30;;;;;;Yes;Yes;Yes;Validity + quota;6
Indosat Ooredo;Super Plan 100 (3 mo);Postpaid;2014-07-01;Yes;100000;No;Yes;90;;;;;;Yes;No;;Validity + quota;6
Indosat Ooredo;Super Plan 150 (3 mo);Postpaid;2014-07-01;Yes;150000;No;Yes;90;;;;;;Yes;No;;Validity + quota;6
Indosat Ooredo;Super Plan 150 (12 mo);Postpaid;2014-07-01;Yes;150000;No;Yes;365;;;;;;Yes;No;;Validity + quota;6
Indosat Ooredo;Super Plan 200 (12 mo);Postpaid;2014-07-01;Yes;200000;No;Yes;365;;;;;;Yes;No;;Validity + quota;6
Indosat Ooredo;Super Plan 300 (12 mo);Postpaid;2014-07-01;Yes;300000;No;Yes;365;;;;;;Yes;No;;Validity + quota;6
Indosat Ooredo;Super Plan 400 (12 mo);Postpaid;2014-07-01;Yes;400000;No;Yes;365;;;;;;Yes;No;;Validity + quota;6
Indosat Ooredo;Super Plan 150 (24 mo);Postpaid;2014-07-01;Yes;150000;No;Yes;730;;;;;;Yes;No;;Validity + quota;6
Indosat Ooredo;Super Plan 200 (24 mo);Postpaid;2014-07-01;Yes;200000;No;Yes;730;;;;;;Yes;No;;Validity + quota;6
Indosat Ooredo;Super Plan 300 (24 mo);Postpaid;2014-07-01;Yes;300000;No;Yes;730;;;;;;Yes;No;;Validity + quota;6
Indosat Ooredo;Super Plan 400 (24 mo);Postpaid;2014-07-01;Yes;400000;No;Yes;730;;;;;;Yes;No;;Validity + quota;6
Indosat Ooredo;Freedom Internet 10GB Postpaid;Postpaid;2019-10-01;Yes;50000;No;Yes;30;;;;;;Yes;No;;Validity + quota;6
Indosat Ooredo;Freedom Internet 21GB Postpaid;Postpaid;2019-10-01;Yes;75000;No;Yes;30;;;;;;Yes;No;;Validity + quota;6
Indosat Ooredo;Freedom Internet 32GB Postpaid;Postpaid;2019-10-01;Yes;100000;No;Yes;30;;;;;;Yes;No;;Validity + quota;6
Indosat Ooredo;Freedom U 3GB + 15GB Application Postpaid;Postpaid;2019-10-01;Yes;60000;No;Yes;30;;;;;;Yes;Yes;Yes;Validity + quota;6
Indosat Ooredo;Freedom U 7GB + 20GB Application Postpaid;Postpaid;2019-10-01;Yes;80000;No;Yes;30;;;;;;Yes;Yes;Yes;Validity + quota;6
Indosat Ooredo;Freedom U 10GB + 25GB Application Postpaid;Postpaid;2019-10-01;Yes;100000;No;Yes;30;;;;;;Yes;Yes;Yes;Validity + quota;6
Indosat Ooredo;Freedom U 60GB Postpaid;Postpaid;2019-10-01;Yes;150000;No;Yes;30;;;;;;Yes;Yes;Yes;Validity + quota;6
Indosat Ooredo;SMS per Month;Prepaid;;Yes;22500;No;Yes;30;;;;Yes;;;No;;Sms;4
Indosat Ooredo;Roaming Quota 5GB Single Country Pack China 7 Days;Prepaid;2016-06-01;Yes;200000;No;Yes;7;Yes;;;;;;No;;Roaming;1
Indosat Ooredo;Roaming Quota 100GB Single Country Pack Singapore 7 Days;Prepaid;2016-06-01;Yes;100000;No;Yes;7;Yes;;;;;;No;;Roaming;1
Indosat Ooredo;Roaming Quota 100GB Single Country Pack Malaysia 7 Days;Prepaid;2016-06-01;Yes;100000;No;Yes;7;Yes;;;;;;No;;Roaming;1
Indosat Ooredo;Roam Quota 1GB Asia Australia 3 Days;Prepaid;2016-06-01;Yes;100000;No;Yes;3;Yes;;;;;;No;;Roaming;1
Indosat Ooredo;Roam Quota 2.5GB Asia Australia 7 Days;Prepaid;2016-06-01;Yes;200000;No;Yes;7;Yes;;;;;;No;;Roaming;1
Indosat Ooredo;Roam Quota 1GB America Europe Africa Asia Australia 3 Days;Prepaid;2016-06-01;Yes;250000;No;Yes;3;Yes;;;;;;No;;Roaming;1
Indosat Ooredo;Roam Quota 2GB America Europe Africa Asia Australia 7 Days;Prepaid;2016-06-01;Yes;400000;No;Yes;7;Yes;;;;;;No;;Roaming;1
Indosat Ooredo;Roam Quota 300MB Asia Australia 1 Day;Prepaid;2016-06-01;Yes;45000;No;Yes;1;Yes;;;;;;No;;Roaming;1
Indosat Ooredo;Roam Quota 300MB America Europe Africa Asia Australia 1 Day;Prepaid;2016-06-01;Yes;80000;No;Yes;1;Yes;;;;;;No;;Roaming;1
Indosat Ooredo;Roam Booster Asia Australia;Prepaid;2016-06-01;Yes;35000;Yes;No;1;Yes;;;;;;No;;Roaming;1
Indosat Ooredo;Roam Booster America Europe Africa Asia Australia;Prepaid;2016-06-01;Yes;70000;Yes;No;1;Yes;;;;;;No;;Roaming;1
Indosat Ooredo;Roam U Asia Australia 3 Days;Prepaid;2016-06-01;Yes;150000;Yes;No;3;Yes;;;;;;No;;Roaming;1
Indosat Ooredo;Roam U Asia Australia 7 Days;Prepaid;2016-06-01;Yes;250000;Yes;No;7;Yes;;;;;;No;;Roaming;1
Indosat Ooredo;Roam U America Europe Africa Asia Australia 3 Days;Prepaid;2016-06-01;Yes;300000;Yes;No;3;Yes;;;;;;No;;Roaming;1
Indosat Ooredo;Roam U America Europe Africa Asia Australia 7 Days;Prepaid;2016-06-01;Yes;500000;Yes;No;7;Yes;;;;;;No;;Roaming;1
Indosat Ooredo;Roam U Asia Australia 3 Days;Prepaid;2016-06-01;Yes;150000;Yes;No;3;Yes;;;;;;No;;Roaming;1
Indosat Ooredo;Roam U Asia Australia 7 Days;Prepaid;2016-06-01;Yes;250000;Yes;No;7;Yes;;;;;;No;;Roaming;1
Indosat Ooredo;Roam U America Europe Africa Asia Australia 3 Days;Prepaid;2016-06-01;Yes;300000;Yes;No;3;Yes;;;;;;No;;Roaming;1
Indosat Ooredo;Roam U America Europe Africa Asia Australia 7 Days;Prepaid;2016-06-01;Yes;500000;Yes;No;7;Yes;;;;;;No;;Roaming;1
Indosat Ooredo;Roam U America Europe Africa Asia Australia 1 Day;Prepaid;2016-06-01;Yes;150000;Yes;No;1;Yes;;;;;;No;;Roaming;1
Indosat Ooredo;Roam U Asia Australia;Prepaid;2016-06-01;Yes;65000;Yes;No;1;Yes;;;;;;No;;Roaming;1
Indosat Ooredo;Umrah Hajj Combo 10 Days;Prepaid;2019-07-01;Yes;325000;No;Yes;10;;;Yes;;;;No;;Roaming;3
Indosat Ooredo;Umrah Hajj Internet 10 Days;Prepaid;2019-07-01;Yes;245000;No;Yes;10;Yes;;;;;;No;;Roaming;1
Indosat Ooredo;Umrah Hajj Call and SMS 10 Days;Prepaid;2019-07-01;Yes;200000;No;Yes;10;;;;Yes;;;No;;Roaming;4
Indosat Ooredo;Umrah Hajj Combo 15 Days;Prepaid;2019-07-01;Yes;450000;No;Yes;10;;;Yes;;;;No;;Roaming;3
Indosat Ooredo;Umrah Hajj Internet 15 Days;Prepaid;2019-07-01;Yes;325000;No;Yes;10;Yes;;;;;;No;;Roaming;1
Indosat Ooredo;Umrah Hajj Call and SMS 15 Days;Prepaid;2019-07-01;Yes;245000;No;Yes;10;;;;Yes;;;No;;Roaming;4
Indosat Ooredo;Umrah Hajj Combo 20 Days;Prepaid;2019-07-01;Yes;500000;No;Yes;10;;;Yes;;;;No;;Roaming;3
Indosat Ooredo;Umrah Hajj Internet 20 Days;Prepaid;2019-07-01;Yes;350000;No;Yes;10;Yes;;;;;;No;;Roaming;1
Indosat Ooredo;Umrah Hajj Call and SMS 20 Days;Prepaid;2019-07-01;Yes;275000;No;Yes;10;;;;Yes;;;No;;Roaming;4
XL;Paket Akrab;Prepaid;2021-04-14;Yes;55000;No;Yes;30;;;;;;Yes;Yes;Yes;Validity + quota;6
XL;Paket Akrab;Prepaid;2021-04-14;Yes;110000;No;Yes;30;;;;;;Yes;Yes;Yes;Validity + quota;6
XL;Paket Akrab;Prepaid;2021-04-14;Yes;180000;No;Yes;30;;;;;;Yes;Yes;Yes;Validity + quota;6
XL;Paket Akrab;Prepaid;2021-04-14;Yes;280000;No;Yes;30;;;;;;Yes;Yes;Yes;Validity + quota;6
XL;Paket Akrab;Prepaid;2021-04-14;Yes;450000;No;Yes;30;;;;;;Yes;Yes;Yes;Validity + quota;6
XL;Xtra Combo Plus (Reguler);Prepaid;2021-08-18;Yes;57000;No;Yes;30;;Yes;;;;;Yes;Yes;Validity + quota;2
XL;Xtra Combo Plus (Reguler);Prepaid;2021-08-18;Yes;83000;No;Yes;30;;Yes;;;;;Yes;Yes;Validity + quota;2
XL;Xtra Combo Plus (Reguler);Prepaid;2021-08-18;Yes;113000;No;Yes;30;;Yes;;;;;Yes;Yes;Validity + quota;2
XL;Xtra Combo Plus (Reguler);Prepaid;2021-08-18;Yes;154000;No;Yes;30;;Yes;;;;;Yes;Yes;Validity + quota;2
XL;Xtra Combo Plus (Reguler);Prepaid;2021-08-18;Yes;204000;No;Yes;30;;Yes;;;;;Yes;Yes;Validity + quota;2
XL;Xtra Combo Plus (VIP);Prepaid;2021-08-18;Yes;67000;No;Yes;30;;Yes;;;;;Yes;Yes;Validity + quota;2
XL;Xtra Combo Plus (VIP);Prepaid;2021-08-18;Yes;92000;No;Yes;30;;Yes;;;;;Yes;Yes;Validity + quota;2
XL;Xtra Combo Plus (VIP);Prepaid;2021-08-18;Yes;121500;No;Yes;30;;Yes;;;;;Yes;Yes;Validity + quota;2
XL;Xtra Combo Plus (VIP);Prepaid;2021-08-18;Yes;162500;No;Yes;30;;Yes;;;;;Yes;Yes;Validity + quota;2
XL;Xtra Combo Plus (VIP);Prepaid;2021-08-18;Yes;212500;No;Yes;30;;Yes;;;;;Yes;Yes;Validity + quota;2
XL;Xtra Combo Mini 1.5GB;Prepaid;2021-08-04;Yes;8500;No;Yes;7;Yes;;;;;;Yes;Yes;Validity + quota;1
XL;Xtra Combo Mini 2.5GB;Prepaid;2021-08-04;Yes;12500;No;Yes;7;Yes;;;;;;Yes;Yes;Validity + quota;1
XL;Xtra Combo Mini 4GB;Prepaid;2021-08-04;Yes;15500;No;Yes;7;Yes;;;;;;Yes;Yes;Validity + quota;1
XL;Xtra Combo Mini 6GB;Prepaid;2021-08-04;Yes;19500;No;Yes;7;Yes;;;;;;Yes;Yes;Validity + quota;1
XL;XTRA ON 1GB;Prepaid;2021-07-23;Yes;13000;No;Yes;30;Yes;;;;;;No;;Validity + quota;1
XL;XTRA ON 2GB;Prepaid;2021-07-23;Yes;22000;No;Yes;30;Yes;;;;;;No;;Validity + quota;1
XL;Xtra Conference;Prepaid;2020-07-01;Yes;2000;No;Yes;1;Yes;;;;;;Yes;VAS;VAS;1
XL;Xtra Conference;Prepaid;2020-07-01;Yes;4000;No;Yes;3;Yes;;;;;;Yes;VAS;VAS;1
XL;Xtra Conference;Prepaid;2020-07-01;Yes;10000;No;Yes;7;Yes;;;;;;Yes;VAS;VAS;1
XL;Xtra Edukasi;Prepaid;2020-07-01;Yes;1000;No;Yes;1;Yes;;;;;;Yes;VAS;VAS;1
XL;Xtra Edukasi;Prepaid;2020-07-01;Yes;2500;No;Yes;3;Yes;;;;;;Yes;VAS;VAS;1
XL;Xtra Edukasi;Prepaid;2020-07-01;Yes;7500;No;Yes;7;Yes;;;;;;Yes;VAS;VAS;1
XL;Xtra Kuota 30GB;Prepaid;2018-01-22;Yes;11900;No;Yes;30;Yes;;;;;;Yes;VAS;VAS;1
XL;Xtra Kuota Youtube;Prepaid;;Yes;2200;No;Yes;1;Yes;;;;;;Yes;VAS;VAS;1
XL;Xtra Kuota Youtube;Prepaid;;Yes;5500;No;Yes;3;Yes;;;;;;Yes;VAS;VAS;1
XL;Xtra Kuota Youtube;Prepaid;;Yes;9000;No;Yes;7;Yes;;;;;;Yes;VAS;VAS;1
XL;Xtra Kuota Instagram;Prepaid;;Yes;2200;No;Yes;1;Yes;;;;;;Yes;VAS;VAS;1
XL;Xtra Kuota Instagram;Prepaid;;Yes;5500;No;Yes;3;Yes;;;;;;Yes;VAS;VAS;1
XL;Xtra Kuota Instagram;Prepaid;;Yes;9000;No;Yes;7;Yes;;;;;;Yes;VAS;VAS;1
XL;Xtra Kuota Facebook;Prepaid;;Yes;2200;No;Yes;1;Yes;;;;;;Yes;VAS;VAS;1
XL;Xtra Kuota Facebook;Prepaid;;Yes;5500;No;Yes;3;Yes;;;;;;Yes;VAS;VAS;1
XL;Xtra Kuota Facebook;Prepaid;;Yes;9000;No;Yes;7;Yes;;;;;;Yes;VAS;VAS;1
XL;Xtra Kuota TikTok;Prepaid;;Yes;2200;No;Yes;1;Yes;;;;;;Yes;VAS;VAS;1
XL;Xtra Kuota TikTok;Prepaid;;Yes;5500;No;Yes;3;Yes;;;;;;Yes;VAS;VAS;1
XL;Xtra Kuota TikTok;Prepaid;;Yes;9000;No;Yes;7;Yes;;;;;;Yes;VAS;VAS;1
XL;Xtra Kuota Tinder;Prepaid;;Yes;1200;No;Yes;1;Yes;;;;;;Yes;VAS;VAS;1
XL;Xtra Kuota Tinder;Prepaid;;Yes;2500;No;Yes;3;Yes;;;;;;Yes;VAS;VAS;1
XL;Xtra Kuota Tinder;Prepaid;;Yes;4500;No;Yes;7;Yes;;;;;;Yes;VAS;VAS;1
XL;Xtra Kuota Netflix;Prepaid;;Yes;2000;No;Yes;1;Yes;;;;;;Yes;VAS;VAS;1
XL;Xtra Kuota Netflix;Prepaid;;Yes;5500;No;Yes;3;Yes;;;;;;Yes;VAS;VAS;1
XL;Xtra Kuota Netflix;Prepaid;;Yes;9000;No;Yes;7;Yes;;;;;;Yes;VAS;VAS;1
XL;Xtra Kuota Vidio;Prepaid;;Yes;2000;No;Yes;1;Yes;;;;;;Yes;VAS;VAS;1
XL;Xtra Kuota Vidio;Prepaid;;Yes;5500;No;Yes;3;Yes;;;;;;Yes;VAS;VAS;1
XL;Xtra Kuota Vidio;Prepaid;;Yes;9000;No;Yes;7;Yes;;;;;;Yes;VAS;VAS;1
XL;Xtra Kuota Viu;Prepaid;;Yes;2000;No;Yes;1;Yes;;;;;;Yes;VAS;VAS;1
XL;Xtra Kuota Viu;Prepaid;;Yes;5500;No;Yes;3;Yes;;;;;;Yes;VAS;VAS;1
XL;Xtra Kuota Viu;Prepaid;;Yes;9000;No;Yes;7;Yes;;;;;;Yes;VAS;VAS;1
XL;Xtra Kuota Iflix;Prepaid;;Yes;2000;No;Yes;1;Yes;;;;;;Yes;VAS;VAS;1
XL;Xtra Kuota Iflix;Prepaid;;Yes;5500;No;Yes;3;Yes;;;;;;Yes;VAS;VAS;1
XL;Xtra Kuota Iflix;Prepaid;;Yes;9000;No;Yes;7;Yes;;;;;;Yes;VAS;VAS;1
XL;Xtra Kuota Klik Film;Prepaid;;Yes;2000;No;Yes;1;Yes;;;;;;Yes;VAS;VAS;1
XL;Xtra Kuota Klik Film;Prepaid;;Yes;5500;No;Yes;3;Yes;;;;;;Yes;VAS;VAS;1
XL;Xtra Kuota Klik Film;Prepaid;;Yes;9000;No;Yes;7;Yes;;;;;;Yes;VAS;VAS;1
XL;Xtra Kuota Mobile Legends;Prepaid;;Yes;1200;No;Yes;1;Yes;;;;;;Yes;VAS;VAS;1
XL;Xtra Kuota Mobile Legends;Prepaid;;Yes;2500;No;Yes;3;Yes;;;;;;Yes;VAS;VAS;1
XL;Xtra Kuota PUBG;Prepaid;;Yes;1200;No;Yes;1;Yes;;;;;;Yes;VAS;VAS;1
XL;Xtra Kuota PUBG;Prepaid;;Yes;2500;No;Yes;3;Yes;;;;;;Yes;VAS;VAS;1
XL;Xtra Kuota Free Fire;Prepaid;;Yes;1200;No;Yes;1;Yes;;;;;;Yes;VAS;VAS;1
XL;Xtra Kuota Free Fire;Prepaid;;Yes;2500;No;Yes;3;Yes;;;;;;Yes;VAS;VAS;1
XL;Xtra Kuota AOV;Prepaid;;Yes;1200;No;Yes;1;Yes;;;;;;Yes;VAS;VAS;1
XL;Xtra Kuota AOV;Prepaid;;Yes;2500;No;Yes;3;Yes;;;;;;Yes;VAS;VAS;1
XL;Xtra Kuota Waze;Prepaid;;Yes;1200;No;Yes;1;Yes;;;;;;Yes;VAS;VAS;1
XL;Xtra Kuota Waze;Prepaid;;Yes;2500;No;Yes;3;Yes;;;;;;Yes;VAS;VAS;1
XL;Xtra Kuota Waze;Prepaid;;Yes;4500;No;Yes;7;Yes;;;;;;Yes;VAS;VAS;1
XL;Xtra Kuota JOOX;Prepaid;;Yes;1200;No;Yes;1;Yes;;;;;;Yes;VAS;VAS;1
XL;Xtra Kuota JOOX;Prepaid;;Yes;2500;No;Yes;3;Yes;;;;;;Yes;VAS;VAS;1
XL;Xtra Kuota Malam;Prepaid;;Yes;1200;No;Yes;1;Yes;;;;;;No;;Validity + quota;1
XL;Nelp ke semua operator;Prepaid;;Yes;140000;No;Yes;30;;;;;Yes;;No;;Voice;5
XL;Nelp ke semua operator;Prepaid;;Yes;60000;No;Yes;30;;;;;Yes;;No;;Voice;5
XL;Nelp ke semua operator;Prepaid;;Yes;40000;No;Yes;30;;;;;Yes;;No;;Voice;5
XL;Nelp ke semua operator;Prepaid;;Yes;75000;No;Yes;30;;;;;Yes;;No;;Voice;5
XL;Nelp ke semua operator;Prepaid;;Yes;12000;No;Yes;7;;;;;Yes;;No;;Voice;5
XL;Nelp ke semua operator;Prepaid;;Yes;10000;No;Yes;1;;;;;Yes;;No;;Voice;5
XL;Nelp ke semua operator;Prepaid;;Yes;6000;No;Yes;1;;;;;Yes;;No;;Voice;5
XL;Hotrod Baru Harian;Prepaid;;Yes;18000;No;Yes;5;Yes;;;;;;No;;Validity + quota;1
XL;Hotrod Baru Harian;Prepaid;;Yes;11000;No;Yes;3;Yes;;;;;;No;;Validity + quota;1
XL;Hotrod Baru Harian;Prepaid;;Yes;6500;No;Yes;1;Yes;;;;;;No;;Validity + quota;1
XL;Hotrod Baru Mingguan;Prepaid;;Yes;28000;No;Yes;7;Yes;;;;;;No;;Validity + quota;1
XL;Hotrod Baru Mingguan;Prepaid;;Yes;21000;No;Yes;8;Yes;;;;;;No;;Validity + quota;1
XL;Hotrod Baru Mingguan;Prepaid;;Yes;11000;No;Yes;9;Yes;;;;;;No;;Validity + quota;1
XL;Hotrod Baru Mingguan;Prepaid;;Yes;5700;No;Yes;10;Yes;;;;;;No;;Validity + quota;1
XL;Xtra Unlimited JOOX;Prepaid;2020-07-14;Yes;20000;No;Yes;30;Yes;;;;;;No;;Validity + quota;1
XL;Xtra Unlimited Basic;Prepaid;2020-07-14;Yes;40000;No;Yes;30;Yes;;;;;;No;;VAS;1
XL;Xtra Unlimited Netflix;Prepaid;2020-07-14;Yes;50000;No;Yes;30;Yes;;;;;;No;;VAS;1
XL;Xtra Unlimited Youtube;Prepaid;2020-07-14;Yes;50000;No;Yes;30;Yes;;;;;;No;;VAS;1
XL;Xtra Unlimited TikTok;Prepaid;2020-07-14;Yes;50000;No;Yes;30;Yes;;;;;;No;;VAS;1
XL;Xtra Unlimited Viu;Prepaid;2020-07-14;Yes;50000;No;Yes;30;Yes;;;;;;No;;VAS;1
XL;Xtra Unlimited Standar;Prepaid;2020-07-14;Yes;60000;No;Yes;30;Yes;;;;;;No;;VAS;1
XL;Xtra Unlimited Super;Prepaid;2020-07-14;Yes;100000;No;Yes;30;Yes;;;;;;No;;VAS;1
XL;Xtra Unlimited Premium;Prepaid;2020-07-14;Yes;150000;No;Yes;30;Yes;;;;;;No;;VAS;1
XL;XTRA Combo VIP;Prepaid;2019-04-08;Yes;69000;No;Yes;30;;Yes;;;;;Yes;Yes;Validity + quota;2
XL;XTRA Combo VIP;Prepaid;2019-04-08;Yes;99000;No;Yes;30;;Yes;;;;;Yes;Yes;Validity + quota;2
XL;XTRA Combo VIP;Prepaid;2019-04-08;Yes;139000;No;Yes;30;;Yes;;;;;Yes;Yes;Validity + quota;2
XL;XTRA Combo VIP;Prepaid;2019-04-08;Yes;189000;No;Yes;30;;Yes;;;;;Yes;Yes;Validity + quota;2
XL;XTRA Combo VIP;Prepaid;2019-04-08;Yes;249000;No;Yes;30;;Yes;;;;;Yes;Yes;Validity + quota;2
XL;XTRA Combo;Prepaid;;Yes;59000;No;Yes;30;;Yes;;;;;Yes;Yes;Validity + quota;2
XL;XTRA Combo;Prepaid;;Yes;89000;No;Yes;30;;Yes;;;;;Yes;Yes;Validity + quota;2
XL;XTRA Combo;Prepaid;;Yes;129000;No;Yes;30;;Yes;;;;;Yes;Yes;Validity + quota;2
XL;XTRA Combo;Prepaid;;Yes;179000;No;Yes;30;;Yes;;;;;Yes;Yes;Validity + quota;2
XL;XTRA Combo;Prepaid;;Yes;239000;No;Yes;30;;Yes;;;;;Yes;Yes;Validity + quota;2
XL;Roaming Harian;Prepaid;2017-08-12;Yes;84900;No;Yes;1;Yes;;;;;;No;;Roaming;1
XL;Roaming Harian;Prepaid;2017-08-13;Yes;249900;No;Yes;1;Yes;;;;;;No;;Roaming;1
XL;XL PASS;Prepaid;;Yes;250000;No;Yes;7;Yes;;;;;;No;;Roaming;1
XL;XL PASS;Prepaid;;Yes;150000;No;Yes;3;Yes;;;;;;No;;Roaming;1
XL;XL PASS;Prepaid;;Yes;85000;No;Yes;1;Yes;;;;;;No;;Roaming;1
XL;XL PASS;Prepaid;;Yes;950000;No;Yes;30;Yes;;;;;;No;;Roaming;1
XL;XL Roaming Combo;Prepaid;;Yes;160000;No;Yes;1;;;Yes;;;;No;;Roaming;3
XL;XL Roaming Combo;Prepaid;;Yes;225000;No;Yes;3;;;Yes;;;;No;;Roaming;3
XL;XL Roaming Combo;Prepaid;;Yes;425000;No;Yes;7;;;Yes;;;;No;;Roaming;3
XL;XL Roaming Combo;Prepaid;;Yes;825000;No;Yes;30;;;Yes;;;;No;;Roaming;3
XL;Umrah dan Haji;Prepaid;;Yes;339000;No;Yes;20;;;Yes;;;;No;;Roaming;3
XL;Umrah dan Haji;Prepaid;;Yes;199000;No;Yes;10;;;Yes;;;;No;;Roaming;3
XL;Umrah dan Haji;Prepaid;;Yes;249000;No;Yes;20;;;Yes;;;;No;;Roaming;3
XL;Umrah dan Haji;Prepaid;;Yes;379000;No;Yes;40;;;Yes;;;;No;;Roaming;3
XL;Umrah dan Haji;Prepaid;;Yes;299000;No;Yes;10;;;Yes;;;;No;;Roaming;3
XL;Umrah dan Haji;Prepaid;;Yes;549000;No;Yes;40;;;Yes;;;;No;;Roaming;3
XL;Umrah dan Haji;Prepaid;;Yes;149000;No;Yes;10;;;Yes;;;;No;;Roaming;3
XL;Umrah dan Haji;Prepaid;;Yes;179000;No;Yes;20;;;Yes;;;;No;;Roaming;3
XL;Umrah dan Haji;Prepaid;;Yes;199000;No;Yes;40;;;Yes;;;;No;;Roaming;3
XL;Umrah dan Haji;Prepaid;;Yes;99000;No;Yes;1;Yes;;;;;;No;;Roaming;1
XL;Umrah dan Haji;Prepaid;;Yes;79000;No;Yes;1;Yes;;;;;;No;;Roaming;1
XL;myPRIO X Unlimited (Silver X);Postpaid;2020-08-01;Yes;100000;No;Yes;30;;Yes;;;;;Yes;Yes;Unlimited;2
XL;myPRIO X Unlimited (Gold X);Postpaid;2020-08-01;Yes;150000;No;Yes;30;;Yes;;;;;Yes;Yes;Unlimited;2
XL;myPRIO X Unlimited (Platinum X);Postpaid;2020-08-01;Yes;250000;No;Yes;30;;Yes;;;;;No;;Unlimited;2
XL;myPRIO X Unlimited (Diamond X);Postpaid;2020-08-01;Yes;450000;No;Yes;30;;Yes;;;;;No;;Unlimited;2
XL;myPRIO X Unlimited (Ultima X);Postpaid;2020-08-01;Yes;888000;No;Yes;30;;Yes;;;;;No;;Unlimited;2